STAGE_NUMBER,AT_KM,CITY,COUNTRY,LATITUDE,LONGITUDE
1,77,Newbiggin,ENG,54.26929,-2.00449
2,68.5,Keighley,ENG,53.867,-1.911
3,108,Epping Forest,ENG,51.66,0.05
4,92,Cassel,FRA,50.8006,2.4883
5,97,Templeuve,FRA,50.5272,3.1758
6,119,Pinon,FRA,49.4883,3.4464
7,148,Hannonville-Sous-Les-Côtes,FRA,49.0408,5.6592
8,100,Dinozé,FRA,48.1411,6.4772
9,105,Linthal,FRA,47.9475,7.1311
10,39.5,Muhlele (Gunsbach),FRA,48.0483,7.1767
11,89,Charcier,FRA,46.6281,5.7514
12,39.5,Romanèche-Thorins,FRA,46.1906,4.7369
13,169.5,Saint-Martin-D'hères,FRA,45.1672,5.7653
14,40,La Paute (Bourg-D'oisans),FRA,45.0558,6.0303
15,175.5,La Galine (Saint-Rémy-De-Provence),FRA,43.79,4.8325
16,123.5,Saint-Girons,FRA,42.9858,1.1467
17,31,Saint-Béat,FRA,42.915,0.6933
18,61.5,Trébons,FRA,43.1022,0.1219
19,130.5,Tonneins,FRA,44.3906,0.3092
21,91,Paris Champs-Élysées,FRA,48.8567,2.3508
22,77,Newbiggin,ENG,54.26929,-2.00449
23,68.5,Keighley,ENG,53.867,-1.911
24,108,Epping Forest,ENG,51.66,0.05
25,92,Cassel,FRA,50.8006,2.4883
26,97,Templeuve,FRA,50.5272,3.1758
27,119,Pinon,FRA,49.4883,3.4464
28,148,Hannonville-Sous-Les-Côtes,FRA,49.0408,5.6592
29,100,Dinozé,FRA,48.1411,6.4772
30,105,Linthal,FRA,47.9475,7.1311
31,39.5,Muhlele (Gunsbach),FRA,48.0483,7.1767
32,89,Charcier,FRA,46.6281,5.7514
33,39.5,Romanèche-Thorins,FRA,46.1906,4.7369
34,169.5,Saint-Martin-D'hères,FRA,45.1672,5.7653
35,40,La Paute (Bourg-D'oisans),FRA,45.0558,6.0303
36,175.5,La Galine (Saint-Rémy-De-Provence),FRA,43.79,4.8325
37,123.5,Saint-Girons,FRA,42.9858,1.1467
38,31,Saint-Béat,FRA,42.915,0.6933
39,61.5,Trébons,FRA,43.1022,0.1219
40,130.5,Tonneins,FRA,44.3906,0.3092
42,91,Paris Champs-Élysées,FRA,48.8567,2.3508
43,77,Newbiggin,ENG,54.26929,-2.00449
44,68.5,Keighley,ENG,53.867,-1.911
45,108,Epping Forest,ENG,51.66,0.05
46,92,Cassel,FRA,50.8006,2.4883
47,97,Templeuve,FRA,50.5272,3.1758
48,119,Pinon,FRA,49.4883,3.4464
49,148,Hannonville-Sous-Les-Côtes,FRA,49.0408,5.6592
50,100,Dinozé,FRA,48.1411,6.4772
51,105,Linthal,FRA,47.9475,7.1311
52,39.5,Muhlele (Gunsbach),FRA,48.0483,7.1767
53,89,Charcier,FRA,46.6281,5.7514
54,39.5,Romanèche-Thorins,FRA,46.1906,4.7369
55,169.5,Saint-Martin-D'hères,FRA,45.1672,5.7653
56,40,La Paute (Bourg-D'oisans),FRA,45.0558,6.0303
57,175.5,La Galine (Saint-Rémy-De-Provence),FRA,43.79,4.8325
58,123.5,Saint-Girons,FRA,42.9858,1.1467
59,31,Saint-Béat,FRA,42.915,0.6933
60,61.5,Trébons,FRA,43.1022,0.1219
61,130.5,Tonneins,FRA,44.3906,0.3092
63,91,Paris Champs-Élysées,FRA,48.8567,2.3508
64,77,Newbiggin,ENG,54.26929,-2.00449
65,68.5,Keighley,ENG,53.867,-1.911
66,108,Epping Forest,ENG,51.66,0.05
67,92,Cassel,FRA,50.8006,2.4883
68,97,Templeuve,FRA,50.5272,3.1758
69,119,Pinon,FRA,49.4883,3.4464
70,148,Hannonville-Sous-Les-Côtes,FRA,49.0408,5.6592
71,100,Dinozé,FRA,48.1411,6.4772
72,105,Linthal,FRA,47.9475,7.1311
73,39.5,Muhlele (Gunsbach),FRA,48.0483,7.1767
74,89,Charcier,FRA,46.6281,5.7514
75,39.5,Romanèche-Thorins,FRA,46.1906,4.7369
76,169.5,Saint-Martin-D'hères,FRA,45.1672,5.7653
77,40,La Paute (Bourg-D'oisans),FRA,45.0558,6.0303
78,175.5,La Galine (Saint-Rémy-De-Provence),FRA,43.79,4.8325
79,123.5,Saint-Girons,FRA,42.9858,1.1467
80,31,Saint-Béat,FRA,42.915,0.6933
81,61.5,Trébons,FRA,43.1022,0.1219
82,130.5,Tonneins,FRA,44.3906,0.3092
84,91,Paris Champs-Élysées,FRA,48.8567,2.3508
85,77,Newbiggin,ENG,54.26929,-2.00449
86,68.5,Keighley,ENG,53.867,-1.911
87,108,Epping Forest,ENG,51.66,0.05
88,92,Cassel,FRA,50.8006,2.4883
89,97,Templeuve,FRA,50.5272,3.1758
90,119,Pinon,FRA,49.4883,3.4464
91,148,Hannonville-Sous-Les-Côtes,FRA,49.0408,5.6592
92,100,Dinozé,FRA,48.1411,6.4772
93,105,Linthal,FRA,47.9475,7.1311
94,39.5,Muhlele (Gunsbach),FRA,48.0483,7.1767
95,89,Charcier,FRA,46.6281,5.7514
96,39.5,Romanèche-Thorins,FRA,46.1906,4.7369
97,169.5,Saint-Martin-D'hères,FRA,45.1672,5.7653
98,40,La Paute (Bourg-D'oisans),FRA,45.0558,6.0303
99,175.5,La Galine (Saint-Rémy-De-Provence),FRA,43.79,4.8325
100,123.5,Saint-Girons,FRA,42.9858,1.1467
101,31,Saint-Béat,FRA,42.915,0.6933
102,61.5,Trébons,FRA,43.1022,0.1219
103,130.5,Tonneins,FRA,44.3906,0.3092
105,91,Paris Champs-Élysées,FRA,48.8567,2.3508
106,77,Newbiggin,ENG,54.26929,-2.00449
107,68.5,Keighley,ENG,53.867,-1.911
108,108,Epping Forest,ENG,51.66,0.05
109,92,Cassel,FRA,50.8006,2.4883
110,97,Templeuve,FRA,50.5272,3.1758
111,119,Pinon,FRA,49.4883,3.4464
112,148,Hannonville-Sous-Les-Côtes,FRA,49.0408,5.6592
113,100,Dinozé,FRA,48.1411,6.4772
114,105,Linthal,FRA,47.9475,7.1311
115,39.5,Muhlele (Gunsbach),FRA,48.0483,7.1767
116,89,Charcier,FRA,46.6281,5.7514
117,39.5,Romanèche-Thorins,FRA,46.1906,4.7369
118,169.5,Saint-Martin-D'hères,FRA,45.1672,5.7653
119,40,La Paute (Bourg-D'oisans),FRA,45.0558,6.0303
120,175.5,La Galine (Saint-Rémy-De-Provence),FRA,43.79,4.8325
121,123.5,Saint-Girons,FRA,42.9858,1.1467
122,31,Saint-Béat,FRA,42.915,0.6933
123,61.5,Trébons,FRA,43.1022,0.1219
124,130.5,Tonneins,FRA,44.3906,0.3092
126,91,Paris Champs-Élysées,FRA,48.8567,2.3508
127,77,Newbiggin,ENG,54.26929,-2.00449
128,68.5,Keighley,ENG,53.867,-1.911
129,108,Epping Forest,ENG,51.66,0.05
130,92,Cassel,FRA,50.8006,2.4883
131,97,Templeuve,FRA,50.5272,3.1758
132,119,Pinon,FRA,49.4883,3.4464
133,148,Hannonville-Sous-Les-Côtes,FRA,49.0408,5.6592
134,100,Dinozé,FRA,48.1411,6.4772
135,105,Linthal,FRA,47.9475,7.1311
136,39.5,Muhlele (Gunsbach),FRA,48.0483,7.1767
137,89,Charcier,FRA,46.6281,5.7514
138,39.5,Romanèche-Thorins,FRA,46.1906,4.7369
139,169.5,Saint-Martin-D'hères,FRA,45.1672,5.7653
140,40,La Paute (Bourg-D'oisans),FRA,45.0558,6.0303
141,175.5,La Galine (Saint-Rémy-De-Provence),FRA,43.79,4.8325
142,123.5,Saint-Girons,FRA,42.9858,1.1467
143,31,Saint-Béat,FRA,42.915,0.6933
144,61.5,Trébons,FRA,43.1022,0.1219
145,130.5,Tonneins,FRA,44.3906,0.3092
147,91,Paris Champs-Élysées,FRA,48.8567,2.3508
148,77,Newbiggin,ENG,54.26929,-2.00449
149,68.5,Keighley,ENG,53.867,-1.911
150,108,Epping Forest,ENG,51.66,0.05
151,92,Cassel,FRA,50.8006,2.4883
152,97,Templeuve,FRA,50.5272,3.1758
153,119,Pinon,FRA,49.4883,3.4464
154,148,Hannonville-Sous-Les-Côtes,FRA,49.0408,5.6592
155,100,Dinozé,FRA,48.1411,6.4772
156,105,Linthal,FRA,47.9475,7.1311
157,39.5,Muhlele (Gunsbach),FRA,48.0483,7.1767
158,89,Charcier,FRA,46.6281,5.7514
159,39.5,Romanèche-Thorins,FRA,46.1906,4.7369
160,169.5,Saint-Martin-D'hères,FRA,45.1672,5.7653
161,40,La Paute (Bourg-D'oisans),FRA,45.0558,6.0303
162,175.5,La Galine (Saint-Rémy-De-Provence),FRA,43.79,4.8325
163,123.5,Saint-Girons,FRA,42.9858,1.1467
164,31,Saint-Béat,FRA,42.915,0.6933
165,61.5,Trébons,FRA,43.1022,0.1219
166,130.5,Tonneins,FRA,44.3906,0.3092
168,91,Paris Champs-Élysées,FRA,48.8567,2.3508
169,77,Newbiggin,ENG,54.26929,-2.00449
170,68.5,Keighley,ENG,53.867,-1.911
171,108,Epping Forest,ENG,51.66,0.05
172,92,Cassel,FRA,50.8006,2.4883
173,97,Templeuve,FRA,50.5272,3.1758
174,119,Pinon,FRA,49.4883,3.4464
175,148,Hannonville-Sous-Les-Côtes,FRA,49.0408,5.6592
176,100,Dinozé,FRA,48.1411,6.4772
177,105,Linthal,FRA,47.9475,7.1311
178,39.5,Muhlele (Gunsbach),FRA,48.0483,7.1767
179,89,Charcier,FRA,46.6281,5.7514
180,39.5,Romanèche-Thorins,FRA,46.1906,4.7369
181,169.5,Saint-Martin-D'hères,FRA,45.1672,5.7653
182,40,La Paute (Bourg-D'oisans),FRA,45.0558,6.0303
183,175.5,La Galine (Saint-Rémy-De-Provence),FRA,43.79,4.8325
184,123.5,Saint-Girons,FRA,42.9858,1.1467
185,31,Saint-Béat,FRA,42.915,0.6933
186,61.5,Trébons,FRA,43.1022,0.1219
187,130.5,Tonneins,FRA,44.3906,0.3092
189,91,Paris Champs-Élysées,FRA,48.8567,2.3508
190,77,Newbiggin,ENG,54.26929,-2.00449
191,68.5,Keighley,ENG,53.867,-1.911
192,108,Epping Forest,ENG,51.66,0.05
193,92,Cassel,FRA,50.8006,2.4883
194,97,Templeuve,FRA,50.5272,3.1758
195,119,Pinon,FRA,49.4883,3.4464
196,148,Hannonville-Sous-Les-Côtes,FRA,49.0408,5.6592
197,100,Dinozé,FRA,48.1411,6.4772
198,105,Linthal,FRA,47.9475,7.1311
199,39.5,Muhlele (Gunsbach),FRA,48.0483,7.1767
200,89,Charcier,FRA,46.6281,5.7514
201,39.5,Romanèche-Thorins,FRA,46.1906,4.7369
202,169.5,Saint-Martin-D'hères,FRA,45.1672,5.7653
203,40,La Paute (Bourg-D'oisans),FRA,45.0558,6.0303
204,175.5,La Galine (Saint-Rémy-De-Provence),FRA,43.79,4.8325
205,123.5,Saint-Girons,FRA,42.9858,1.1467
206,31,Saint-Béat,FRA,42.915,0.6933
207,61.5,Trébons,FRA,43.1022,0.1219
208,130.5,Tonneins,FRA,44.3906,0.3092
210,91,Paris Champs-Élysées,FRA,48.8567,2.3508
211,77,Newbiggin,ENG,54.26929,-2.00449
212,68.5,Keighley,ENG,53.867,-1.911
213,108,Epping Forest,ENG,51.66,0.05
214,92,Cassel,FRA,50.8006,2.4883
215,97,Templeuve,FRA,50.5272,3.1758
216,119,Pinon,FRA,49.4883,3.4464
217,148,Hannonville-Sous-Les-Côtes,FRA,49.0408,5.6592
218,100,Dinozé,FRA,48.1411,6.4772
219,105,Linthal,FRA,47.9475,7.1311
220,39.5,Muhlele (Gunsbach),FRA,48.0483,7.1767
221,89,Charcier,FRA,46.6281,5.7514
222,39.5,Romanèche-Thorins,FRA,46.1906,4.7369
223,169.5,Saint-Martin-D'hères,FRA,45.1672,5.7653
224,40,La Paute (Bourg-D'oisans),FRA,45.0558,6.0303
225,175.5,La Galine (Saint-Rémy-De-Provence),FRA,43.79,4.8325
226,123.5,Saint-Girons,FRA,42.9858,1.1467
227,31,Saint-Béat,FRA,42.915,0.6933
228,61.5,Trébons,FRA,43.1022,0.1219
229,130.5,Tonneins,FRA,44.3906,0.3092
231,91,Paris Champs-Élysées,FRA,48.8567,2.3508
232,77,Newbiggin,ENG,54.26929,-2.00449
233,68.5,Keighley,ENG,53.867,-1.911
234,108,Epping Forest,ENG,51.66,0.05
235,92,Cassel,FRA,50.8006,2.4883
236,97,Templeuve,FRA,50.5272,3.1758
237,119,Pinon,FRA,49.4883,3.4464
238,148,Hannonville-Sous-Les-Côtes,FRA,49.0408,5.6592
239,100,Dinozé,FRA,48.1411,6.4772
240,105,Linthal,FRA,47.9475,7.1311
241,39.5,Muhlele (Gunsbach),FRA,48.0483,7.1767
242,89,Charcier,FRA,46.6281,5.7514
243,39.5,Romanèche-Thorins,FRA,46.1906,4.7369
244,169.5,Saint-Martin-D'hères,FRA,45.1672,5.7653
245,40,La Paute (Bourg-D'oisans),FRA,45.0558,6.0303
246,175.5,La Galine (Saint-Rémy-De-Provence),FRA,43.79,4.8325
247,123.5,Saint-Girons,FRA,42.9858,1.1467
248,31,Saint-Béat,FRA,42.915,0.6933
249,61.5,Trébons,FRA,43.1022,0.1219
250,130.5,Tonneins,FRA,44.3906,0.3092
252,91,Paris Champs-Élysées,FRA,48.8567,2.3508
253,77,Newbiggin,ENG,54.26929,-2.00449
254,68.5,Keighley,ENG,53.867,-1.911
255,108,Epping Forest,ENG,51.66,0.05
256,92,Cassel,FRA,50.8006,2.4883
257,97,Templeuve,FRA,50.5272,3.1758
258,119,Pinon,FRA,49.4883,3.4464
259,148,Hannonville-Sous-Les-Côtes,FRA,49.0408,5.6592
260,100,Dinozé,FRA,48.1411,6.4772
261,105,Linthal,FRA,47.9475,7.1311
262,39.5,Muhlele (Gunsbach),FRA,48.0483,7.1767
263,89,Charcier,FRA,46.6281,5.7514
264,39.5,Romanèche-Thorins,FRA,46.1906,4.7369
265,169.5,Saint-Martin-D'hères,FRA,45.1672,5.7653
266,40,La Paute (Bourg-D'oisans),FRA,45.0558,6.0303
267,175.5,La Galine (Saint-Rémy-De-Provence),FRA,43.79,4.8325
268,123.5,Saint-Girons,FRA,42.9858,1.1467
269,31,Saint-Béat,FRA,42.915,0.6933
270,61.5,Trébons,FRA,43.1022,0.1219
271,130.5,Tonneins,FRA,44.3906,0.3092
273,91,Paris Champs-Élysées,FRA,48.8567,2.3508
274,77,Newbiggin,ENG,54.26929,-2.00449
275,68.5,Keighley,ENG,53.867,-1.911
276,108,Epping Forest,ENG,51.66,0.05
277,92,Cassel,FRA,50.8006,2.4883
278,97,Templeuve,FRA,50.5272,3.1758
279,119,Pinon,FRA,49.4883,3.4464
280,148,Hannonville-Sous-Les-Côtes,FRA,49.0408,5.6592
281,100,Dinozé,FRA,48.1411,6.4772
282,105,Linthal,FRA,47.9475,7.1311
283,39.5,Muhlele (Gunsbach),FRA,48.0483,7.1767
284,89,Charcier,FRA,46.6281,5.7514
285,39.5,Romanèche-Thorins,FRA,46.1906,4.7369
286,169.5,Saint-Martin-D'hères,FRA,45.1672,5.7653
287,40,La Paute (Bourg-D'oisans),FRA,45.0558,6.0303
288,175.5,La Galine (Saint-Rémy-De-Provence),FRA,43.79,4.8325
289,123.5,Saint-Girons,FRA,42.9858,1.1467
290,31,Saint-Béat,FRA,42.915,0.6933
291,61.5,Trébons,FRA,43.1022,0.1219
292,130.5,Tonneins,FRA,44.3906,0.3092
294,91,Paris Champs-Élysées,FRA,48.8567,2.3508
295,77,Newbiggin,ENG,54.26929,-2.00449
296,68.5,Keighley,ENG,53.867,-1.911
297,108,Epping Forest,ENG,51.66,0.05
298,92,Cassel,FRA,50.8006,2.4883
299,97,Templeuve,FRA,50.5272,3.1758
300,119,Pinon,FRA,49.4883,3.4464
301,148,Hannonville-Sous-Les-Côtes,FRA,49.0408,5.6592
302,100,Dinozé,FRA,48.1411,6.4772
303,105,Linthal,FRA,47.9475,7.1311
304,39.5,Muhlele (Gunsbach),FRA,48.0483,7.1767
305,89,Charcier,FRA,46.6281,5.7514
306,39.5,Romanèche-Thorins,FRA,46.1906,4.7369
307,169.5,Saint-Martin-D'hères,FRA,45.1672,5.7653
308,40,La Paute (Bourg-D'oisans),FRA,45.0558,6.0303
309,175.5,La Galine (Saint-Rémy-De-Provence),FRA,43.79,4.8325
310,123.5,Saint-Girons,FRA,42.9858,1.1467
311,31,Saint-Béat,FRA,42.915,0.6933
312,61.5,Trébons,FRA,43.1022,0.1219
313,130.5,Tonneins,FRA,44.3906,0.3092
315,91,Paris Champs-Élysées,FRA,48.8567,2.3508
316,77,Newbiggin,ENG,54.26929,-2.00449
317,68.5,Keighley,ENG,53.867,-1.911
318,108,Epping Forest,ENG,51.66,0.05
319,92,Cassel,FRA,50.8006,2.4883
320,97,Templeuve,FRA,50.5272,3.1758
321,119,Pinon,FRA,49.4883,3.4464
322,148,Hannonville-Sous-Les-Côtes,FRA,49.0408,5.6592
323,100,Dinozé,FRA,48.1411,6.4772
324,105,Linthal,FRA,47.9475,7.1311
325,39.5,Muhlele (Gunsbach),FRA,48.0483,7.1767
326,89,Charcier,FRA,46.6281,5.7514
327,39.5,Romanèche-Thorins,FRA,46.1906,4.7369
328,169.5,Saint-Martin-D'hères,FRA,45.1672,5.7653
329,40,La Paute (Bourg-D'oisans),FRA,45.0558,6.0303
330,175.5,La Galine (Saint-Rémy-De-Provence),FRA,43.79,4.8325
331,123.5,Saint-Girons,FRA,42.9858,1.1467
332,31,Saint-Béat,FRA,42.915,0.6933
333,61.5,Trébons,FRA,43.1022,0.1219
334,130.5,Tonneins,FRA,44.3906,0.3092
336,91,Paris Champs-Élysées,FRA,48.8567,2.3508
337,77,Newbiggin,ENG,54.26929,-2.00449
338,68.5,Keighley,ENG,53.867,-1.911
339,108,Epping Forest,ENG,51.66,0.05
340,92,Cassel,FRA,50.8006,2.4883
341,97,Templeuve,FRA,50.5272,3.1758
342,119,Pinon,FRA,49.4883,3.4464
343,148,Hannonville-Sous-Les-Côtes,FRA,49.0408,5.6592
344,100,Dinozé,FRA,48.1411,6.4772
345,105,Linthal,FRA,47.9475,7.1311
346,39.5,Muhlele (Gunsbach),FRA,48.0483,7.1767
347,89,Charcier,FRA,46.6281,5.7514
348,39.5,Romanèche-Thorins,FRA,46.1906,4.7369
349,169.5,Saint-Martin-D'hères,FRA,45.1672,5.7653
350,40,La Paute (Bourg-D'oisans),FRA,45.0558,6.0303
351,175.5,La Galine (Saint-Rémy-De-Provence),FRA,43.79,4.8325
352,123.5,Saint-Girons,FRA,42.9858,1.1467
353,31,Saint-Béat,FRA,42.915,0.6933
354,61.5,Trébons,FRA,43.1022,0.1219
355,130.5,Tonneins,FRA,44.3906,0.3092
357,91,Paris Champs-Élysées,FRA,48.8567,2.3508
358,77,Newbiggin,ENG,54.26929,-2.00449
359,68.5,Keighley,ENG,53.867,-1.911
360,108,Epping Forest,ENG,51.66,0.05
361,92,Cassel,FRA,50.8006,2.4883
362,97,Templeuve,FRA,50.5272,3.1758
363,119,Pinon,FRA,49.4883,3.4464
364,148,Hannonville-Sous-Les-Côtes,FRA,49.0408,5.6592
365,100,Dinozé,FRA,48.1411,6.4772
366,105,Linthal,FRA,47.9475,7.1311
367,39.5,Muhlele (Gunsbach),FRA,48.0483,7.1767
368,89,Charcier,FRA,46.6281,5.7514
369,39.5,Romanèche-Thorins,FRA,46.1906,4.7369
370,169.5,Saint-Martin-D'hères,FRA,45.1672,5.7653
371,40,La Paute (Bourg-D'oisans),FRA,45.0558,6.0303
372,175.5,La Galine (Saint-Rémy-De-Provence),FRA,43.79,4.8325
373,123.5,Saint-Girons,FRA,42.9858,1.1467
374,31,Saint-Béat,FRA,42.915,0.6933
375,61.5,Trébons,FRA,43.1022,0.1219
376,130.5,Tonneins,FRA,44.3906,0.3092
378,91,Paris Champs-Élysées,FRA,48.8567,2.3508
379,77,Newbiggin,ENG,54.26929,-2.00449
380,68.5,Keighley,ENG,53.867,-1.911
381,108,Epping Forest,ENG,51.66,0.05
382,92,Cassel,FRA,50.8006,2.4883
383,97,Templeuve,FRA,50.5272,3.1758
384,119,Pinon,FRA,49.4883,3.4464
385,148,Hannonville-Sous-Les-Côtes,FRA,49.0408,5.6592
386,100,Dinozé,FRA,48.1411,6.4772
387,105,Linthal,FRA,47.9475,7.1311
388,39.5,Muhlele (Gunsbach),FRA,48.0483,7.1767
389,89,Charcier,FRA,46.6281,5.7514
390,39.5,Romanèche-Thorins,FRA,46.1906,4.7369
391,169.5,Saint-Martin-D'hères,FRA,45.1672,5.7653
392,40,La Paute (Bourg-D'oisans),FRA,45.0558,6.0303
393,175.5,La Galine (Saint-Rémy-De-Provence),FRA,43.79,4.8325
394,123.5,Saint-Girons,FRA,42.9858,1.1467
395,31,Saint-Béat,FRA,42.915,0.6933
396,61.5,Trébons,FRA,43.1022,0.1219
397,130.5,Tonneins,FRA,44.3906,0.3092
399,91,Paris Champs-Élysées,FRA,48.8567,2.3508
400,77,Newbiggin,ENG,54.26929,-2.00449
401,68.5,Keighley,ENG,53.867,-1.911
402,108,Epping Forest,ENG,51.66,0.05
403,92,Cassel,FRA,50.8006,2.4883
404,97,Templeuve,FRA,50.5272,3.1758
405,119,Pinon,FRA,49.4883,3.4464
406,148,Hannonville-Sous-Les-Côtes,FRA,49.0408,5.6592
407,100,Dinozé,FRA,48.1411,6.4772
408,105,Linthal,FRA,47.9475,7.1311
409,39.5,Muhlele (Gunsbach),FRA,48.0483,7.1767
410,89,Charcier,FRA,46.6281,5.7514
411,39.5,Romanèche-Thorins,FRA,46.1906,4.7369
412,169.5,Saint-Martin-D'hères,FRA,45.1672,5.7653
413,40,La Paute (Bourg-D'oisans),FRA,45.0558,6.0303
414,175.5,La Galine (Saint-Rémy-De-Provence),FRA,43.79,4.8325
415,123.5,Saint-Girons,FRA,42.9858,1.1467
416,31,Saint-Béat,FRA,42.915,0.6933
417,61.5,Trébons,FRA,43.1022,0.1219
418,130.5,Tonneins,FRA,44.3906,0.3092
420,91,Paris Champs-Élysées,FRA,48.8567,2.3508
421,77,Newbiggin,ENG,54.26929,-2.00449
422,68.5,Keighley,ENG,53.867,-1.911
423,108,Epping Forest,ENG,51.66,0.05
424,92,Cassel,FRA,50.8006,2.4883
425,97,Templeuve,FRA,50.5272,3.1758
426,119,Pinon,FRA,49.4883,3.4464
427,148,Hannonville-Sous-Les-Côtes,FRA,49.0408,5.6592
428,100,Dinozé,FRA,48.1411,6.4772
429,105,Linthal,FRA,47.9475,7.1311
430,39.5,Muhlele (Gunsbach),FRA,48.0483,7.1767
431,89,Charcier,FRA,46.6281,5.7514
432,39.5,Romanèche-Thorins,FRA,46.1906,4.7369
433,169.5,Saint-Martin-D'hères,FRA,45.1672,5.7653
434,40,La Paute (Bourg-D'oisans),FRA,45.0558,6.0303
435,175.5,La Galine (Saint-Rémy-De-Provence),FRA,43.79,4.8325
436,123.5,Saint-Girons,FRA,42.9858,1.1467
437,31,Saint-Béat,FRA,42.915,0.6933
438,61.5,Trébons,FRA,43.1022,0.1219
439,130.5,Tonneins,FRA,44.3906,0.3092
441,91,Paris Champs-Élysées,FRA,48.8567,2.3508
442,77,Newbiggin,ENG,54.26929,-2.00449
443,68.5,Keighley,ENG,53.867,-1.911
444,108,Epping Forest,ENG,51.66,0.05
445,92,Cassel,FRA,50.8006,2.4883
446,97,Templeuve,FRA,50.5272,3.1758
447,119,Pinon,FRA,49.4883,3.4464
448,148,Hannonville-Sous-Les-Côtes,FRA,49.0408,5.6592
449,100,Dinozé,FRA,48.1411,6.4772
450,105,Linthal,FRA,47.9475,7.1311
451,39.5,Muhlele (Gunsbach),FRA,48.0483,7.1767
452,89,Charcier,FRA,46.6281,5.7514
453,39.5,Romanèche-Thorins,FRA,46.1906,4.7369
454,169.5,Saint-Martin-D'hères,FRA,45.1672,5.7653
455,40,La Paute (Bourg-D'oisans),FRA,45.0558,6.0303
456,175.5,La Galine (Saint-Rémy-De-Provence),FRA,43.79,4.8325
457,123.5,Saint-Girons,FRA,42.9858,1.1467
458,31,Saint-Béat,FRA,42.915,0.6933
459,61.5,Trébons,FRA,43.1022,0.1219
460,130.5,Tonneins,FRA,44.3906,0.3092
462,91,Paris Champs-Élysées,FRA,48.8567,2.3508
463,77,Newbiggin,ENG,54.26929,-2.00449
464,68.5,Keighley,ENG,53.867,-1.911
465,108,Epping Forest,ENG,51.66,0.05
466,92,Cassel,FRA,50.8006,2.4883
467,97,Templeuve,FRA,50.5272,3.1758
468,119,Pinon,FRA,49.4883,3.4464
469,148,Hannonville-Sous-Les-Côtes,FRA,49.0408,5.6592
470,100,Dinozé,FRA,48.1411,6.4772
471,105,Linthal,FRA,47.9475,7.1311
472,39.5,Muhlele (Gunsbach),FRA,48.0483,7.1767
473,89,Charcier,FRA,46.6281,5.7514
474,39.5,Romanèche-Thorins,FRA,46.1906,4.7369
475,169.5,Saint-Martin-D'hères,FRA,45.1672,5.7653
476,40,La Paute (Bourg-D'oisans),FRA,45.0558,6.0303
477,175.5,La Galine (Saint-Rémy-De-Provence),FRA,43.79,4.8325
478,123.5,Saint-Girons,FRA,42.9858,1.1467
479,31,Saint-Béat,FRA,42.915,0.6933
480,61.5,Trébons,FRA,43.1022,0.1219
481,130.5,Tonneins,FRA,44.3906,0.3092
483,91,Paris Champs-Élysées,FRA,48.8567,2.3508
484,77,Newbiggin,ENG,54.26929,-2.00449
485,68.5,Keighley,ENG,53.867,-1.911
486,108,Epping Forest,ENG,51.66,0.05
487,92,Cassel,FRA,50.8006,2.4883
488,97,Templeuve,FRA,50.5272,3.1758
489,119,Pinon,FRA,49.4883,3.4464
490,148,Hannonville-Sous-Les-Côtes,FRA,49.0408,5.6592
491,100,Dinozé,FRA,48.1411,6.4772
492,105,Linthal,FRA,47.9475,7.1311
493,39.5,Muhlele (Gunsbach),FRA,48.0483,7.1767
494,89,Charcier,FRA,46.6281,5.7514
495,39.5,Romanèche-Thorins,FRA,46.1906,4.7369
496,169.5,Saint-Martin-D'hères,FRA,45.1672,5.7653
497,40,La Paute (Bourg-D'oisans),FRA,45.0558,6.0303
498,175.5,La Galine (Saint-Rémy-De-Provence),FRA,43.79,4.8325
499,123.5,Saint-Girons,FRA,42.9858,1.1467
500,31,Saint-Béat,FRA,42.915,0.6933
501,61.5,Trébons,FRA,43.1022,0.1219
502,130.5,Tonneins,FRA,44.3906,0.3092
504,91,Paris Champs-Élysées,FRA,48.8567,2.3508
505,77,Newbiggin,ENG,54.26929,-2.00449
506,68.5,Keighley,ENG,53.867,-1.911
507,108,Epping Forest,ENG,51.66,0.05
508,92,Cassel,FRA,50.8006,2.4883
509,97,Templeuve,FRA,50.5272,3.1758
510,119,Pinon,FRA,49.4883,3.4464
511,148,Hannonville-Sous-Les-Côtes,FRA,49.0408,5.6592
512,100,Dinozé,FRA,48.1411,6.4772
513,105,Linthal,FRA,47.9475,7.1311
514,39.5,Muhlele (Gunsbach),FRA,48.0483,7.1767
515,89,Charcier,FRA,46.6281,5.7514
516,39.5,Romanèche-Thorins,FRA,46.1906,4.7369
517,169.5,Saint-Martin-D'hères,FRA,45.1672,5.7653
518,40,La Paute (Bourg-D'oisans),FRA,45.0558,6.0303
519,175.5,La Galine (Saint-Rémy-De-Provence),FRA,43.79,4.8325
520,123.5,Saint-Girons,FRA,42.9858,1.1467
521,31,Saint-Béat,FRA,42.915,0.6933
522,61.5,Trébons,FRA,43.1022,0.1219
523,130.5,Tonneins,FRA,44.3906,0.3092
525,91,Paris Champs-Élysées,FRA,48.8567,2.3508
526,77,Newbiggin,ENG,54.26929,-2.00449
527,68.5,Keighley,ENG,53.867,-1.911
528,108,Epping Forest,ENG,51.66,0.05
529,92,Cassel,FRA,50.8006,2.4883
530,97,Templeuve,FRA,50.5272,3.1758
531,119,Pinon,FRA,49.4883,3.4464
532,148,Hannonville-Sous-Les-Côtes,FRA,49.0408,5.6592
533,100,Dinozé,FRA,48.1411,6.4772
534,105,Linthal,FRA,47.9475,7.1311
535,39.5,Muhlele (Gunsbach),FRA,48.0483,7.1767
536,89,Charcier,FRA,46.6281,5.7514
537,39.5,Romanèche-Thorins,FRA,46.1906,4.7369
538,169.5,Saint-Martin-D'hères,FRA,45.1672,5.7653
539,40,La Paute (Bourg-D'oisans),FRA,45.0558,6.0303
540,175.5,La Galine (Saint-Rémy-De-Provence),FRA,43.79,4.8325
541,123.5,Saint-Girons,FRA,42.9858,1.1467
542,31,Saint-Béat,FRA,42.915,0.6933
543,61.5,Trébons,FRA,43.1022,0.1219
544,130.5,Tonneins,FRA,44.3906,0.3092
546,91,Paris Champs-Élysées,FRA,48.8567,2.3508
547,77,Newbiggin,ENG,54.26929,-2.00449
548,68.5,Keighley,ENG,53.867,-1.911
549,108,Epping Forest,ENG,51.66,0.05
550,92,Cassel,FRA,50.8006,2.4883
551,97,Templeuve,FRA,50.5272,3.1758
552,119,Pinon,FRA,49.4883,3.4464
553,148,Hannonville-Sous-Les-Côtes,FRA,49.0408,5.6592
554,100,Dinozé,FRA,48.1411,6.4772
555,105,Linthal,FRA,47.9475,7.1311
556,39.5,Muhlele (Gunsbach),FRA,48.0483,7.1767
557,89,Charcier,FRA,46.6281,5.7514
558,39.5,Romanèche-Thorins,FRA,46.1906,4.7369
559,169.5,Saint-Martin-D'hères,FRA,45.1672,5.7653
560,40,La Paute (Bourg-D'oisans),FRA,45.0558,6.0303
561,175.5,La Galine (Saint-Rémy-De-Provence),FRA,43.79,4.8325
562,123.5,Saint-Girons,FRA,42.9858,1.1467
563,31,Saint-Béat,FRA,42.915,0.6933
564,61.5,Trébons,FRA,43.1022,0.1219
565,130.5,Tonneins,FRA,44.3906,0.3092
567,91,Paris Champs-Élysées,FRA,48.8567,2.3508
568,77,Newbiggin,ENG,54.26929,-2.00449
569,68.5,Keighley,ENG,53.867,-1.911
570,108,Epping Forest,ENG,51.66,0.05
571,92,Cassel,FRA,50.8006,2.4883
572,97,Templeuve,FRA,50.5272,3.1758
573,119,Pinon,FRA,49.4883,3.4464
574,148,Hannonville-Sous-Les-Côtes,FRA,49.0408,5.6592
575,100,Dinozé,FRA,48.1411,6.4772
576,105,Linthal,FRA,47.9475,7.1311
577,39.5,Muhlele (Gunsbach),FRA,48.0483,7.1767
578,89,Charcier,FRA,46.6281,5.7514
579,39.5,Romanèche-Thorins,FRA,46.1906,4.7369
580,169.5,Saint-Martin-D'hères,FRA,45.1672,5.7653
581,40,La Paute (Bourg-D'oisans),FRA,45.0558,6.0303
582,175.5,La Galine (Saint-Rémy-De-Provence),FRA,43.79,4.8325
583,123.5,Saint-Girons,FRA,42.9858,1.1467
584,31,Saint-Béat,FRA,42.915,0.6933
585,61.5,Trébons,FRA,43.1022,0.1219
586,130.5,Tonneins,FRA,44.3906,0.3092
588,91,Paris Champs-Élysées,FRA,48.8567,2.3508
589,77,Newbiggin,ENG,54.26929,-2.00449
590,68.5,Keighley,ENG,53.867,-1.911
591,108,Epping Forest,ENG,51.66,0.05
592,92,Cassel,FRA,50.8006,2.4883
593,97,Templeuve,FRA,50.5272,3.1758
594,119,Pinon,FRA,49.4883,3.4464
595,148,Hannonville-Sous-Les-Côtes,FRA,49.0408,5.6592
596,100,Dinozé,FRA,48.1411,6.4772
597,105,Linthal,FRA,47.9475,7.1311
598,39.5,Muhlele (Gunsbach),FRA,48.0483,7.1767
599,89,Charcier,FRA,46.6281,5.7514
600,39.5,Romanèche-Thorins,FRA,46.1906,4.7369
601,169.5,Saint-Martin-D'hères,FRA,45.1672,5.7653
602,40,La Paute (Bourg-D'oisans),FRA,45.0558,6.0303
603,175.5,La Galine (Saint-Rémy-De-Provence),FRA,43.79,4.8325
604,123.5,Saint-Girons,FRA,42.9858,1.1467
605,31,Saint-Béat,FRA,42.915,0.6933
606,61.5,Trébons,FRA,43.1022,0.1219
607,130.5,Tonneins,FRA,44.3906,0.3092
609,91,Paris Champs-Élysées,FRA,48.8567,2.3508
610,77,Newbiggin,ENG,54.26929,-2.00449
611,68.5,Keighley,ENG,53.867,-1.911
612,108,Epping Forest,ENG,51.66,0.05
613,92,Cassel,FRA,50.8006,2.4883
614,97,Templeuve,FRA,50.5272,3.1758
615,119,Pinon,FRA,49.4883,3.4464
616,148,Hannonville-Sous-Les-Côtes,FRA,49.0408,5.6592
617,100,Dinozé,FRA,48.1411,6.4772
618,105,Linthal,FRA,47.9475,7.1311
619,39.5,Muhlele (Gunsbach),FRA,48.0483,7.1767
620,89,Charcier,FRA,46.6281,5.7514
621,39.5,Romanèche-Thorins,FRA,46.1906,4.7369
622,169.5,Saint-Martin-D'hères,FRA,45.1672,5.7653
623,40,La Paute (Bourg-D'oisans),FRA,45.0558,6.0303
624,175.5,La Galine (Saint-Rémy-De-Provence),FRA,43.79,4.8325
625,123.5,Saint-Girons,FRA,42.9858,1.1467
626,31,Saint-Béat,FRA,42.915,0.6933
627,61.5,Trébons,FRA,43.1022,0.1219
628,130.5,Tonneins,FRA,44.3906,0.3092
630,91,Paris Champs-Élysées,FRA,48.8567,2.3508
631,77,Newbiggin,ENG,54.26929,-2.00449
632,68.5,Keighley,ENG,53.867,-1.911
633,108,Epping Forest,ENG,51.66,0.05
634,92,Cassel,FRA,50.8006,2.4883
635,97,Templeuve,FRA,50.5272,3.1758
636,119,Pinon,FRA,49.4883,3.4464
637,148,Hannonville-Sous-Les-Côtes,FRA,49.0408,5.6592
638,100,Dinozé,FRA,48.1411,6.4772
639,105,Linthal,FRA,47.9475,7.1311
640,39.5,Muhlele (Gunsbach),FRA,48.0483,7.1767
641,89,Charcier,FRA,46.6281,5.7514
642,39.5,Romanèche-Thorins,FRA,46.1906,4.7369
643,169.5,Saint-Martin-D'hères,FRA,45.1672,5.7653
644,40,La Paute (Bourg-D'oisans),FRA,45.0558,6.0303
645,175.5,La Galine (Saint-Rémy-De-Provence),FRA,43.79,4.8325
646,123.5,Saint-Girons,FRA,42.9858,1.1467
647,31,Saint-Béat,FRA,42.915,0.6933
648,61.5,Trébons,FRA,43.1022,0.1219
649,130.5,Tonneins,FRA,44.3906,0.3092
651,91,Paris Champs-Élysées,FRA,48.8567,2.3508
652,77,Newbiggin,ENG,54.26929,-2.00449
653,68.5,Keighley,ENG,53.867,-1.911
654,108,Epping Forest,ENG,51.66,0.05
655,92,Cassel,FRA,50.8006,2.4883
656,97,Templeuve,FRA,50.5272,3.1758
657,119,Pinon,FRA,49.4883,3.4464
658,148,Hannonville-Sous-Les-Côtes,FRA,49.0408,5.6592
659,100,Dinozé,FRA,48.1411,6.4772
660,105,Linthal,FRA,47.9475,7.1311
661,39.5,Muhlele (Gunsbach),FRA,48.0483,7.1767
662,89,Charcier,FRA,46.6281,5.7514
663,39.5,Romanèche-Thorins,FRA,46.1906,4.7369
664,169.5,Saint-Martin-D'hères,FRA,45.1672,5.7653
665,40,La Paute (Bourg-D'oisans),FRA,45.0558,6.0303
666,175.5,La Galine (Saint-Rémy-De-Provence),FRA,43.79,4.8325
667,123.5,Saint-Girons,FRA,42.9858,1.1467
668,31,Saint-Béat,FRA,42.915,0.6933
669,61.5,Trébons,FRA,43.1022,0.1219
670,130.5,Tonneins,FRA,44.3906,0.3092
672,91,Paris Champs-Élysées,FRA,48.8567,2.3508
673,77,Newbiggin,ENG,54.26929,-2.00449
674,68.5,Keighley,ENG,53.867,-1.911
675,108,Epping Forest,ENG,51.66,0.05
676,92,Cassel,FRA,50.8006,2.4883
677,97,Templeuve,FRA,50.5272,3.1758
678,119,Pinon,FRA,49.4883,3.4464
679,148,Hannonville-Sous-Les-Côtes,FRA,49.0408,5.6592
680,100,Dinozé,FRA,48.1411,6.4772
681,105,Linthal,FRA,47.9475,7.1311
682,39.5,Muhlele (Gunsbach),FRA,48.0483,7.1767
683,89,Charcier,FRA,46.6281,5.7514
684,39.5,Romanèche-Thorins,FRA,46.1906,4.7369
685,169.5,Saint-Martin-D'hères,FRA,45.1672,5.7653
686,40,La Paute (Bourg-D'oisans),FRA,45.0558,6.0303
687,175.5,La Galine (Saint-Rémy-De-Provence),FRA,43.79,4.8325
688,123.5,Saint-Girons,FRA,42.9858,1.1467
689,31,Saint-Béat,FRA,42.915,0.6933
690,61.5,Trébons,FRA,43.1022,0.1219
691,130.5,Tonneins,FRA,44.3906,0.3092
693,91,Paris Champs-Élysées,FRA,48.8567,2.3508
694,77,Newbiggin,ENG,54.26929,-2.00449
695,68.5,Keighley,ENG,53.867,-1.911
696,108,Epping Forest,ENG,51.66,0.05
697,92,Cassel,FRA,50.8006,2.4883
698,97,Templeuve,FRA,50.5272,3.1758
699,119,Pinon,FRA,49.4883,3.4464
700,148,Hannonville-Sous-Les-Côtes,FRA,49.0408,5.6592
701,100,Dinozé,FRA,48.1411,6.4772
702,105,Linthal,FRA,47.9475,7.1311
703,39.5,Muhlele (Gunsbach),FRA,48.0483,7.1767
704,89,Charcier,FRA,46.6281,5.7514
705,39.5,Romanèche-Thorins,FRA,46.1906,4.7369
706,169.5,Saint-Martin-D'hères,FRA,45.1672,5.7653
707,40,La Paute (Bourg-D'oisans),FRA,45.0558,6.0303
708,175.5,La Galine (Saint-Rémy-De-Provence),FRA,43.79,4.8325
709,123.5,Saint-Girons,FRA,42.9858,1.1467
710,31,Saint-Béat,FRA,42.915,0.6933
711,61.5,Trébons,FRA,43.1022,0.1219
712,130.5,Tonneins,FRA,44.3906,0.3092
714,91,Paris Champs-Élysées,FRA,48.8567,2.3508
715,77,Newbiggin,ENG,54.26929,-2.00449
716,68.5,Keighley,ENG,53.867,-1.911
717,108,Epping Forest,ENG,51.66,0.05
718,92,Cassel,FRA,50.8006,2.4883
719,97,Templeuve,FRA,50.5272,3.1758
720,119,Pinon,FRA,49.4883,3.4464
721,148,Hannonville-Sous-Les-Côtes,FRA,49.0408,5.6592
722,100,Dinozé,FRA,48.1411,6.4772
723,105,Linthal,FRA,47.9475,7.1311
724,39.5,Muhlele (Gunsbach),FRA,48.0483,7.1767
725,89,Charcier,FRA,46.6281,5.7514
726,39.5,Romanèche-Thorins,FRA,46.1906,4.7369
727,169.5,Saint-Martin-D'hères,FRA,45.1672,5.7653
728,40,La Paute (Bourg-D'oisans),FRA,45.0558,6.0303
729,175.5,La Galine (Saint-Rémy-De-Provence),FRA,43.79,4.8325
730,123.5,Saint-Girons,FRA,42.9858,1.1467
731,31,Saint-Béat,FRA,42.915,0.6933
732,61.5,Trébons,FRA,43.1022,0.1219
733,130.5,Tonneins,FRA,44.3906,0.3092
735,91,Paris Champs-Élysées,FRA,48.8567,2.3508
736,77,Newbiggin,ENG,54.26929,-2.00449
737,68.5,Keighley,ENG,53.867,-1.911
738,108,Epping Forest,ENG,51.66,0.05
739,92,Cassel,FRA,50.8006,2.4883
740,97,Templeuve,FRA,50.5272,3.1758
741,119,Pinon,FRA,49.4883,3.4464
742,148,Hannonville-Sous-Les-Côtes,FRA,49.0408,5.6592
743,100,Dinozé,FRA,48.1411,6.4772
744,105,Linthal,FRA,47.9475,7.1311
745,39.5,Muhlele (Gunsbach),FRA,48.0483,7.1767
746,89,Charcier,FRA,46.6281,5.7514
747,39.5,Romanèche-Thorins,FRA,46.1906,4.7369
748,169.5,Saint-Martin-D'hères,FRA,45.1672,5.7653
749,40,La Paute (Bourg-D'oisans),FRA,45.0558,6.0303
750,175.5,La Galine (Saint-Rémy-De-Provence),FRA,43.79,4.8325
751,123.5,Saint-Girons,FRA,42.9858,1.1467
752,31,Saint-Béat,FRA,42.915,0.6933
753,61.5,Trébons,FRA,43.1022,0.1219
754,130.5,Tonneins,FRA,44.3906,0.3092
756,91,Paris Champs-Élysées,FRA,48.8567,2.3508
757,77,Newbiggin,ENG,54.26929,-2.00449
758,68.5,Keighley,ENG,53.867,-1.911
759,108,Epping Forest,ENG,51.66,0.05
760,92,Cassel,FRA,50.8006,2.4883
761,97,Templeuve,FRA,50.5272,3.1758
762,119,Pinon,FRA,49.4883,3.4464
763,148,Hannonville-Sous-Les-Côtes,FRA,49.0408,5.6592
764,100,Dinozé,FRA,48.1411,6.4772
765,105,Linthal,FRA,47.9475,7.1311
766,39.5,Muhlele (Gunsbach),FRA,48.0483,7.1767
767,89,Charcier,FRA,46.6281,5.7514
768,39.5,Romanèche-Thorins,FRA,46.1906,4.7369
769,169.5,Saint-Martin-D'hères,FRA,45.1672,5.7653
770,40,La Paute (Bourg-D'oisans),FRA,45.0558,6.0303
771,175.5,La Galine (Saint-Rémy-De-Provence),FRA,43.79,4.8325
772,123.5,Saint-Girons,FRA,42.9858,1.1467
773,31,Saint-Béat,FRA,42.915,0.6933
774,61.5,Trébons,FRA,43.1022,0.1219
775,130.5,Tonneins,FRA,44.3906,0.3092
777,91,Paris Champs-Élysées,FRA,48.8567,2.3508
778,77,Newbiggin,ENG,54.26929,-2.00449
779,68.5,Keighley,ENG,53.867,-1.911
780,108,Epping Forest,ENG,51.66,0.05
781,92,Cassel,FRA,50.8006,2.4883
782,97,Templeuve,FRA,50.5272,3.1758
783,119,Pinon,FRA,49.4883,3.4464
784,148,Hannonville-Sous-Les-Côtes,FRA,49.0408,5.6592
785,100,Dinozé,FRA,48.1411,6.4772
786,105,Linthal,FRA,47.9475,7.1311
787,39.5,Muhlele (Gunsbach),FRA,48.0483,7.1767
788,89,Charcier,FRA,46.6281,5.7514
789,39.5,Romanèche-Thorins,FRA,46.1906,4.7369
790,169.5,Saint-Martin-D'hères,FRA,45.1672,5.7653
791,40,La Paute (Bourg-D'oisans),FRA,45.0558,6.0303
792,175.5,La Galine (Saint-Rémy-De-Provence),FRA,43.79,4.8325
793,123.5,Saint-Girons,FRA,42.9858,1.1467
794,31,Saint-Béat,FRA,42.915,0.6933
795,61.5,Trébons,FRA,43.1022,0.1219
796,130.5,Tonneins,FRA,44.3906,0.3092
798,91,Paris Champs-Élysées,FRA,48.8567,2.3508
799,77,Newbiggin,ENG,54.26929,-2.00449
800,68.5,Keighley,ENG,53.867,-1.911
801,108,Epping Forest,ENG,51.66,0.05
802,92,Cassel,FRA,50.8006,2.4883
803,97,Templeuve,FRA,50.5272,3.1758
804,119,Pinon,FRA,49.4883,3.4464
805,148,Hannonville-Sous-Les-Côtes,FRA,49.0408,5.6592
806,100,Dinozé,FRA,48.1411,6.4772
807,105,Linthal,FRA,47.9475,7.1311
808,39.5,Muhlele (Gunsbach),FRA,48.0483,7.1767
809,89,Charcier,FRA,46.6281,5.7514
810,39.5,Romanèche-Thorins,FRA,46.1906,4.7369
811,169.5,Saint-Martin-D'hères,FRA,45.1672,5.7653
812,40,La Paute (Bourg-D'oisans),FRA,45.0558,6.0303
813,175.5,La Galine (Saint-Rémy-De-Provence),FRA,43.79,4.8325
814,123.5,Saint-Girons,FRA,42.9858,1.1467
815,31,Saint-Béat,FRA,42.915,0.6933
816,61.5,Trébons,FRA,43.1022,0.1219
817,130.5,Tonneins,FRA,44.3906,0.3092
819,91,Paris Champs-Élysées,FRA,48.8567,2.3508
820,77,Newbiggin,ENG,54.26929,-2.00449
821,68.5,Keighley,ENG,53.867,-1.911
822,108,Epping Forest,ENG,51.66,0.05
823,92,Cassel,FRA,50.8006,2.4883
824,97,Templeuve,FRA,50.5272,3.1758
825,119,Pinon,FRA,49.4883,3.4464
826,148,Hannonville-Sous-Les-Côtes,FRA,49.0408,5.6592
827,100,Dinozé,FRA,48.1411,6.4772
828,105,Linthal,FRA,47.9475,7.1311
829,39.5,Muhlele (Gunsbach),FRA,48.0483,7.1767
830,89,Charcier,FRA,46.6281,5.7514
831,39.5,Romanèche-Thorins,FRA,46.1906,4.7369
832,169.5,Saint-Martin-D'hères,FRA,45.1672,5.7653
833,40,La Paute (Bourg-D'oisans),FRA,45.0558,6.0303
834,175.5,La Galine (Saint-Rémy-De-Provence),FRA,43.79,4.8325
835,123.5,Saint-Girons,FRA,42.9858,1.1467
836,31,Saint-Béat,FRA,42.915,0.6933
837,61.5,Trébons,FRA,43.1022,0.1219
838,130.5,Tonneins,FRA,44.3906,0.3092
840,91,Paris Champs-Élysées,FRA,48.8567,2.3508
841,77,Newbiggin,ENG,54.26929,-2.00449
842,68.5,Keighley,ENG,53.867,-1.911
843,108,Epping Forest,ENG,51.66,0.05
844,92,Cassel,FRA,50.8006,2.4883
845,97,Templeuve,FRA,50.5272,3.1758
846,119,Pinon,FRA,49.4883,3.4464
847,148,Hannonville-Sous-Les-Côtes,FRA,49.0408,5.6592
848,100,Dinozé,FRA,48.1411,6.4772
849,105,Linthal,FRA,47.9475,7.1311
850,39.5,Muhlele (Gunsbach),FRA,48.0483,7.1767
851,89,Charcier,FRA,46.6281,5.7514
852,39.5,Romanèche-Thorins,FRA,46.1906,4.7369
853,169.5,Saint-Martin-D'hères,FRA,45.1672,5.7653
854,40,La Paute (Bourg-D'oisans),FRA,45.0558,6.0303
855,175.5,La Galine (Saint-Rémy-De-Provence),FRA,43.79,4.8325
856,123.5,Saint-Girons,FRA,42.9858,1.1467
857,31,Saint-Béat,FRA,42.915,0.6933
858,61.5,Trébons,FRA,43.1022,0.1219
859,130.5,Tonneins,FRA,44.3906,0.3092
861,91,Paris Champs-Élysées,FRA,48.8567,2.3508
862,77,Newbiggin,ENG,54.26929,-2.00449
863,68.5,Keighley,ENG,53.867,-1.911
864,108,Epping Forest,ENG,51.66,0.05
865,92,Cassel,FRA,50.8006,2.4883
866,97,Templeuve,FRA,50.5272,3.1758
867,119,Pinon,FRA,49.4883,3.4464
868,148,Hannonville-Sous-Les-Côtes,FRA,49.0408,5.6592
869,100,Dinozé,FRA,48.1411,6.4772
870,105,Linthal,FRA,47.9475,7.1311
871,39.5,Muhlele (Gunsbach),FRA,48.0483,7.1767
872,89,Charcier,FRA,46.6281,5.7514
873,39.5,Romanèche-Thorins,FRA,46.1906,4.7369
874,169.5,Saint-Martin-D'hères,FRA,45.1672,5.7653
875,40,La Paute (Bourg-D'oisans),FRA,45.0558,6.0303
876,175.5,La Galine (Saint-Rémy-De-Provence),FRA,43.79,4.8325
877,123.5,Saint-Girons,FRA,42.9858,1.1467
878,31,Saint-Béat,FRA,42.915,0.6933
879,61.5,Trébons,FRA,43.1022,0.1219
880,130.5,Tonneins,FRA,44.3906,0.3092
882,91,Paris Champs-Élysées,FRA,48.8567,2.3508
883,77,Newbiggin,ENG,54.26929,-2.00449
884,68.5,Keighley,ENG,53.867,-1.911
885,108,Epping Forest,ENG,51.66,0.05
886,92,Cassel,FRA,50.8006,2.4883
887,97,Templeuve,FRA,50.5272,3.1758
888,119,Pinon,FRA,49.4883,3.4464
889,148,Hannonville-Sous-Les-Côtes,FRA,49.0408,5.6592
890,100,Dinozé,FRA,48.1411,6.4772
891,105,Linthal,FRA,47.9475,7.1311
892,39.5,Muhlele (Gunsbach),FRA,48.0483,7.1767
893,89,Charcier,FRA,46.6281,5.7514
894,39.5,Romanèche-Thorins,FRA,46.1906,4.7369
895,169.5,Saint-Martin-D'hères,FRA,45.1672,5.7653
896,40,La Paute (Bourg-D'oisans),FRA,45.0558,6.0303
897,175.5,La Galine (Saint-Rémy-De-Provence),FRA,43.79,4.8325
898,123.5,Saint-Girons,FRA,42.9858,1.1467
899,31,Saint-Béat,FRA,42.915,0.6933
900,61.5,Trébons,FRA,43.1022,0.1219
901,130.5,Tonneins,FRA,44.3906,0.3092
903,91,Paris Champs-Élysées,FRA,48.8567,2.3508
904,77,Newbiggin,ENG,54.26929,-2.00449
905,68.5,Keighley,ENG,53.867,-1.911
906,108,Epping Forest,ENG,51.66,0.05
907,92,Cassel,FRA,50.8006,2.4883
908,97,Templeuve,FRA,50.5272,3.1758
909,119,Pinon,FRA,49.4883,3.4464
910,148,Hannonville-Sous-Les-Côtes,FRA,49.0408,5.6592
911,100,Dinozé,FRA,48.1411,6.4772
912,105,Linthal,FRA,47.9475,7.1311
913,39.5,Muhlele (Gunsbach),FRA,48.0483,7.1767
914,89,Charcier,FRA,46.6281,5.7514
915,39.5,Romanèche-Thorins,FRA,46.1906,4.7369
916,169.5,Saint-Martin-D'hères,FRA,45.1672,5.7653
917,40,La Paute (Bourg-D'oisans),FRA,45.0558,6.0303
918,175.5,La Galine (Saint-Rémy-De-Provence),FRA,43.79,4.8325
919,123.5,Saint-Girons,FRA,42.9858,1.1467
920,31,Saint-Béat,FRA,42.915,0.6933
921,61.5,Trébons,FRA,43.1022,0.1219
922,130.5,Tonneins,FRA,44.3906,0.3092
924,91,Paris Champs-Élysées,FRA,48.8567,2.3508
925,77,Newbiggin,ENG,54.26929,-2.00449
926,68.5,Keighley,ENG,53.867,-1.911
927,108,Epping Forest,ENG,51.66,0.05
928,92,Cassel,FRA,50.8006,2.4883
929,97,Templeuve,FRA,50.5272,3.1758
930,119,Pinon,FRA,49.4883,3.4464
931,148,Hannonville-Sous-Les-Côtes,FRA,49.0408,5.6592
932,100,Dinozé,FRA,48.1411,6.4772
933,105,Linthal,FRA,47.9475,7.1311
934,39.5,Muhlele (Gunsbach),FRA,48.0483,7.1767
935,89,Charcier,FRA,46.6281,5.7514
936,39.5,Romanèche-Thorins,FRA,46.1906,4.7369
937,169.5,Saint-Martin-D'hères,FRA,45.1672,5.7653
938,40,La Paute (Bourg-D'oisans),FRA,45.0558,6.0303
939,175.5,La Galine (Saint-Rémy-De-Provence),FRA,43.79,4.8325
940,123.5,Saint-Girons,FRA,42.9858,1.1467
941,31,Saint-Béat,FRA,42.915,0.6933
942,61.5,Trébons,FRA,43.1022,0.1219
943,130.5,Tonneins,FRA,44.3906,0.3092
945,91,Paris Champs-Élysées,FRA,48.8567,2.3508
946,77,Newbiggin,ENG,54.26929,-2.00449
947,68.5,Keighley,ENG,53.867,-1.911
948,108,Epping Forest,ENG,51.66,0.05
949,92,Cassel,FRA,50.8006,2.4883
950,97,Templeuve,FRA,50.5272,3.1758
951,119,Pinon,FRA,49.4883,3.4464
952,148,Hannonville-Sous-Les-Côtes,FRA,49.0408,5.6592
953,100,Dinozé,FRA,48.1411,6.4772
954,105,Linthal,FRA,47.9475,7.1311
955,39.5,Muhlele (Gunsbach),FRA,48.0483,7.1767
956,89,Charcier,FRA,46.6281,5.7514
957,39.5,Romanèche-Thorins,FRA,46.1906,4.7369
958,169.5,Saint-Martin-D'hères,FRA,45.1672,5.7653
959,40,La Paute (Bourg-D'oisans),FRA,45.0558,6.0303
960,175.5,La Galine (Saint-Rémy-De-Provence),FRA,43.79,4.8325
961,123.5,Saint-Girons,FRA,42.9858,1.1467
962,31,Saint-Béat,FRA,42.915,0.6933
963,61.5,Trébons,FRA,43.1022,0.1219
964,130.5,Tonneins,FRA,44.3906,0.3092
966,91,Paris Champs-Élysées,FRA,48.8567,2.3508
967,77,Newbiggin,ENG,54.26929,-2.00449
968,68.5,Keighley,ENG,53.867,-1.911
969,108,Epping Forest,ENG,51.66,0.05
970,92,Cassel,FRA,50.8006,2.4883
971,97,Templeuve,FRA,50.5272,3.1758
972,119,Pinon,FRA,49.4883,3.4464
973,148,Hannonville-Sous-Les-Côtes,FRA,49.0408,5.6592
974,100,Dinozé,FRA,48.1411,6.4772
975,105,Linthal,FRA,47.9475,7.1311
976,39.5,Muhlele (Gunsbach),FRA,48.0483,7.1767
977,89,Charcier,FRA,46.6281,5.7514
978,39.5,Romanèche-Thorins,FRA,46.1906,4.7369
979,169.5,Saint-Martin-D'hères,FRA,45.1672,5.7653
980,40,La Paute (Bourg-D'oisans),FRA,45.0558,6.0303
981,175.5,La Galine (Saint-Rémy-De-Provence),FRA,43.79,4.8325
982,123.5,Saint-Girons,FRA,42.9858,1.1467
983,31,Saint-Béat,FRA,42.915,0.6933
984,61.5,Trébons,FRA,43.1022,0.1219
985,130.5,Tonneins,FRA,44.3906,0.3092
987,91,Paris Champs-Élysées,FRA,48.8567,2.3508
988,77,Newbiggin,ENG,54.26929,-2.00449
989,68.5,Keighley,ENG,53.867,-1.911
990,108,Epping Forest,ENG,51.66,0.05
991,92,Cassel,FRA,50.8006,2.4883
992,97,Templeuve,FRA,50.5272,3.1758
993,119,Pinon,FRA,49.4883,3.4464
994,148,Hannonville-Sous-Les-Côtes,FRA,49.0408,5.6592
995,100,Dinozé,FRA,48.1411,6.4772
996,105,Linthal,FRA,47.9475,7.1311
997,39.5,Muhlele (Gunsbach),FRA,48.0483,7.1767
998,89,Charcier,FRA,46.6281,5.7514
999,39.5,Romanèche-Thorins,FRA,46.1906,4.7369
1000,169.5,Saint-Martin-D'hères,FRA,45.1672,5.7653
1001,40,La Paute (Bourg-D'oisans),FRA,45.0558,6.0303
1002,175.5,La Galine (Saint-Rémy-De-Provence),FRA,43.79,4.8325
1003,123.5,Saint-Girons,FRA,42.9858,1.1467
1004,31,Saint-Béat,FRA,42.915,0.6933
1005,61.5,Trébons,FRA,43.1022,0.1219
1006,130.5,Tonneins,FRA,44.3906,0.3092
1008,91,Paris Champs-Élysées,FRA,48.8567,2.3508
1009,77,Newbiggin,ENG,54.26929,-2.00449
1010,68.5,Keighley,ENG,53.867,-1.911
1011,108,Epping Forest,ENG,51.66,0.05
1012,92,Cassel,FRA,50.8006,2.4883
1013,97,Templeuve,FRA,50.5272,3.1758
1014,119,Pinon,FRA,49.4883,3.4464
1015,148,Hannonville-Sous-Les-Côtes,FRA,49.0408,5.6592
1016,100,Dinozé,FRA,48.1411,6.4772
1017,105,Linthal,FRA,47.9475,7.1311
1018,39.5,Muhlele (Gunsbach),FRA,48.0483,7.1767
1019,89,Charcier,FRA,46.6281,5.7514
1020,39.5,Romanèche-Thorins,FRA,46.1906,4.7369
1021,169.5,Saint-Martin-D'hères,FRA,45.1672,5.7653
1022,40,La Paute (Bourg-D'oisans),FRA,45.0558,6.0303
1023,175.5,La Galine (Saint-Rémy-De-Provence),FRA,43.79,4.8325
1024,123.5,Saint-Girons,FRA,42.9858,1.1467
1025,31,Saint-Béat,FRA,42.915,0.6933
1026,61.5,Trébons,FRA,43.1022,0.1219
1027,130.5,Tonneins,FRA,44.3906,0.3092
1029,91,Paris Champs-Élysées,FRA,48.8567,2.3508
1030,77,Newbiggin,ENG,54.26929,-2.00449
1031,68.5,Keighley,ENG,53.867,-1.911
1032,108,Epping Forest,ENG,51.66,0.05
1033,92,Cassel,FRA,50.8006,2.4883
1034,97,Templeuve,FRA,50.5272,3.1758
1035,119,Pinon,FRA,49.4883,3.4464
1036,148,Hannonville-Sous-Les-Côtes,FRA,49.0408,5.6592
1037,100,Dinozé,FRA,48.1411,6.4772
1038,105,Linthal,FRA,47.9475,7.1311
1039,39.5,Muhlele (Gunsbach),FRA,48.0483,7.1767
1040,89,Charcier,FRA,46.6281,5.7514
1041,39.5,Romanèche-Thorins,FRA,46.1906,4.7369
1042,169.5,Saint-Martin-D'hères,FRA,45.1672,5.7653
1043,40,La Paute (Bourg-D'oisans),FRA,45.0558,6.0303
1044,175.5,La Galine (Saint-Rémy-De-Provence),FRA,43.79,4.8325
1045,123.5,Saint-Girons,FRA,42.9858,1.1467
1046,31,Saint-Béat,FRA,42.915,0.6933
1047,61.5,Trébons,FRA,43.1022,0.1219
1048,130.5,Tonneins,FRA,44.3906,0.3092
1050,91,Paris Champs-Élysées,FRA,48.8567,2.3508